<?xml version="1.0" encoding="UTF-8"?>
<!DOCTYPE log4j:configuration SYSTEM "log4j.dtd">
<log4j:configuration xmlns:log4j="http://jakarta.apache.org/log4j/">
	<appender name="stdout" class="org.apache.log4j.ConsoleAppender">
		<param name="Target" value="System.out"/>
		<layout class="org.apache.log4j.PatternLayout">
			<param name="ConversionPattern" value="[%-5p] %d{ISO8601} %c %m %n"/>
		</layout>
	</appender>

	<root>
		<level value="info"/>
		<appender-ref ref="stdout"/>
	</root>	
</log4j:configuration>